Rank,team,teamId,teamLeague,opponentId,teamFullName,token,home,RecordW,RecordL,RecordT,G,TotPen,TOfPen,TDfPen,TSTPen,TOpPen,Pen,OfPen,DfPen,STPen,PnYds,OpPn1D,OpPen,OpOfPn,OpDfPn,OpSTPn,OpPnYd,Pn1st,PenMgn,PnYdMn,seasonId,scatterId,scatterExtra,season
1,Falcons,8802,nfl,8806,Atlanta Falcons,ATLANTA,TRUE,8,5,0,13,16,14,0,2,26,13,11,0,2,130,0,21,16,0,5,209,0,-8,-79,4706,2009:8802,2009,2009
1,Bears,8806,nfl,8802,Chicago Bears,CHICAGO,TRUE,7,9,0,16,21,13,0,8,17,20,12,0,8,190,0,14,9,0,5,140,0,6,50,4706,2009:8806,2009,2009
1,Cardinals,8801,nfl,8806,Arizona Cardinals,ARIZONA,TRUE,9,6,0,15,29,22,0,7,15,28,21,0,7,268,0,11,4,0,7,98,0,17,170,4706,2009:8801,2009,2009
1,Cowboys,8809,nfl,8802,Dallas Cowboys,DALLAS,TRUE,10,4,0,14,25,21,0,4,20,24,20,0,4,233,0,17,11,0,6,163,0,7,70,4706,2009:8809,2009,2009
1,Lions,8811,nfl,8806,Detroit Lions,DETROIT,TRUE,2,13,0,15,18,12,0,6,23,13,8,0,5,121,0,22,14,0,8,217,1,-9,-96,4706,2009:8811,2009,2009
1,Texans,13974,nfl,8801,Houston Texans,HOUSTON,TRUE,7,7,0,14,16,7,0,9,18,13,6,0,7,119,0,15,10,0,5,141,0,-2,-22,4706,2009:13974,2009,2009
1,Colts,8813,nfl,8801,Indianapolis Colts,INDIANAPOL,TRUE,12,1,0,13,16,11,0,5,22,13,8,0,5,124,0,22,18,0,4,216,0,-9,-92,4706,2009:8813,2009,2009
1,Giants,8820,nfl,8802,New York Giants,NYGIANTS,TRUE,8,8,0,16,19,12,0,7,15,17,11,0,6,165,0,12,7,0,5,115,0,5,50,4706,2009:8820,2009,2009
1,49ers,8826,nfl,8802,San Francisco 49ers,SANFRNCSCO,TRUE,8,7,0,15,14,8,0,6,21,14,8,0,6,135,0,18,13,0,5,176,0,-4,-41,4706,2009:8826,2009,2009
1,Seahawks,8827,nfl,8806,Seattle Seahawks,SEATTLE,TRUE,5,10,0,15,18,16,0,2,17,14,12,0,2,140,0,15,13,0,2,150,0,-1,-10,4706,2009:8827,2009,2009
1,Rams,8828,nfl,8806,St Louis Rams,STLOUIS,TRUE,1,13,0,14,18,14,0,4,19,14,10,0,4,140,0,16,7,0,9,152,0,-2,-12,4706,2009:8828,2009,2009
1,Bills,8804,nfl,8802,Buffalo Bills,BUFFALO,TRUE,6,10,0,16,23,18,0,5,25,20,15,0,5,185,0,22,11,0,11,214,0,-2,-29,4706,2009:8804,2009,2009
1,Panthers,8805,nfl,8802,Carolina Panthers,CAROLINA,TRUE,8,7,0,15,21,13,0,8,20,17,9,0,8,165,0,18,15,0,3,179,0,-1,-14,4706,2009:8805,2009,2009
1,Dolphins,8816,nfl,8802,Miami Dolphins,MIAMI,TRUE,6,5,0,11,12,10,0,2,16,9,7,0,2,89,0,11,8,0,3,104,0,-2,-15,4706,2009:8816,2009,2009
1,Saints,8819,nfl,8802,New Orleans Saints,NEWORLEANS,TRUE,11,3,0,14,21,16,0,5,13,20,15,0,5,200,0,12,8,0,4,115,0,8,85,4706,2009:8819,2009,2009
1,Buccaneers,8829,nfl,8802,Tampa Bay Buccaneers,TAMPABAY,TRUE,3,11,0,14,21,19,0,2,19,15,13,0,2,144,0,15,10,0,5,145,0,0,-1,4706,2009:8829,2009,2009
1,Ravens,8803,nfl,8806,Baltimore Ravens,BALTIMORE,TRUE,9,7,0,16,21,15,0,6,16,18,12,0,6,159,0,14,11,0,3,140,0,4,19,4706,2009:8803,2009,2009
1,Bengals,8807,nfl,8806,Cincinnati Bengals,CINCINNATI,TRUE,10,5,0,15,24,20,0,4,21,22,18,0,4,212,0,19,13,0,6,189,0,3,23,4706,2009:8807,2009,2009
1,Browns,8808,nfl,8806,Cleveland Browns,CLEVELAND,TRUE,5,11,0,16,11,6,0,5,28,10,5,0,5,99,0,21,13,0,8,193,0,-11,-94,4706,2009:8808,2009,2009
1,Broncos,8810,nfl,8809,Denver Broncos,DENVER,TRUE,8,7,0,15,24,19,0,5,16,18,13,0,5,177,0,10,6,0,4,93,0,8,84,4706,2009:8810,2009,2009
1,Jaguars,8814,nfl,8801,Jacksonville Jaguars,JACKSONVIL,TRUE,6,7,0,13,16,10,0,6,11,13,7,0,6,125,0,9,5,0,4,85,0,4,40,4706,2009:8814,2009,2009
1,Steelers,8824,nfl,8806,Pittsburgh Steelers,PITTSBURGH,TRUE,9,7,0,16,35,29,0,6,22,30,24,0,6,284,0,21,15,0,6,209,0,9,75,4706,2009:8824,2009,2009
1,Titans,8830,nfl,8801,Tennessee Titans,TENNESSEE,TRUE,7,7,0,14,18,13,0,5,24,16,11,0,5,155,0,21,15,0,6,202,0,-5,-47,4706,2009:8830,2009,2009
1,Patriots,8818,nfl,8802,New England Patriots,NEWENGLAND,TRUE,7,6,0,13,16,12,0,4,15,16,12,0,4,156,0,9,7,0,2,88,0,7,68,4706,2009:8818,2009,2009
1,Jets,8821,nfl,8802,New York Jets,NYJETS,TRUE,7,6,0,13,23,15,0,8,20,19,11,0,8,174,0,19,12,0,7,177,0,0,-3,4706,2009:8821,2009,2009
1,Raiders,8822,nfl,8809,Oakland Raiders,OAKLAND,TRUE,4,11,0,15,24,20,0,4,15,15,11,0,4,150,0,14,9,0,5,128,0,1,22,4706,2009:8822,2009,2009
1,Chargers,8825,nfl,8809,San Diego Chargers,SANDIEGO,TRUE,10,3,0,13,10,7,0,3,14,9,6,0,3,88,0,12,11,0,1,105,0,-3,-17,4706,2009:8825,2009,2009
1,Packers,8812,nfl,8806,Green Bay Packers,GREENBAY,TRUE,10,5,0,15,32,18,0,14,17,29,15,0,14,277,1,17,15,0,2,163,0,12,114,4706,2009:8812,2009,2009
1,Redskins,8831,nfl,8802,Washington Redskins,WASHINGTON,TRUE,4,11,0,15,20,17,0,3,26,14,11,0,3,136,0,22,16,0,6,200,0,-8,-64,4706,2009:8831,2009,2009
1,Chiefs,8815,nfl,8809,Kansas City Chiefs,KANSASCITY,TRUE,4,12,0,16,21,19,0,2,27,17,15,0,2,169,0,24,19,0,5,228,0,-7,-59,4706,2009:8815,2009,2009
1,Eagles,8823,nfl,8802,Philadelphia Eagles,PHILADELPH,TRUE,10,5,0,15,15,8,0,7,29,14,7,0,7,120,0,22,21,0,1,214,0,-8,-94,4706,2009:8823,2009,2009
1,Vikings,8817,nfl,8806,Minnesota Vikings,MINNESOTA,TRUE,12,4,0,16,16,11,0,5,27,12,7,0,5,117,0,21,9,0,12,198,0,-9,-81,4706,2009:8817,2009,2009
33,Falcons,8802,nfl,8801,Atlanta Falcons,ATLANTA,TRUE,10,3,0,13,15,12,0,3,14,12,9,0,3,113,0,14,3,0,11,130,0,-2,-17,5606,2010:8802,2010,2010
33,Bears,8806,nfl,8809,Chicago Bears,CHICAGO,TRUE,11,5,0,16,32,25,0,7,22,26,19,0,7,249,0,19,16,0,3,184,0,7,65,5606,2010:8806,2010,2010
33,Cardinals,8801,nfl,8802,Arizona Cardinals,ARIZONA,TRUE,5,11,0,16,19,14,0,5,25,18,13,0,5,180,0,23,15,0,8,230,0,-5,-50,5606,2010:8801,2010,2010
33,Cowboys,8809,nfl,8806,Dallas Cowboys,DALLAS,TRUE,6,8,0,14,21,16,0,5,20,17,13,0,4,146,0,17,13,0,4,170,0,0,-24,5606,2010:8809,2010,2010
33,Lions,8811,nfl,8806,Detroit Lions,DETROIT,TRUE,5,10,0,15,23,16,0,7,31,20,14,0,6,185,0,25,20,0,5,243,0,-5,-58,5606,2010:8811,2010,2010
33,Texans,13974,nfl,8809,Houston Texans,HOUSTON,TRUE,6,6,0,12,12,7,0,5,20,9,4,0,5,87,0,15,10,0,5,150,0,-6,-63,5606,2010:13974,2010,2010
33,Colts,8813,nfl,8809,Indianapolis Colts,INDIANAPOL,TRUE,9,5,0,14,16,10,0,6,23,15,10,0,5,147,0,21,13,0,8,204,0,-6,-57,5606,2010:8813,2010,2010
33,Giants,8820,nfl,8806,New York Giants,NYGIANTS,TRUE,10,6,0,16,26,18,0,8,23,23,15,0,8,224,0,17,11,0,6,162,0,6,62,5606,2010:8820,2010,2010
33,49ers,8826,nfl,8802,San Francisco 49ers,SANFRNCSCO,TRUE,6,8,0,14,20,13,0,7,18,19,12,0,7,185,0,17,10,0,7,169,0,2,16,5606,2010:8826,2010,2010
33,Seahawks,8827,nfl,8802,Seattle Seahawks,SEATTLE,TRUE,7,9,0,16,32,22,0,10,21,30,20,0,10,294,0,18,13,0,5,171,0,12,123,5606,2010:8827,2010,2010
33,Rams,8828,nfl,8802,St Louis Rams,STLOUIS,TRUE,6,9,0,15,22,16,0,6,31,17,11,0,6,166,0,26,20,0,6,251,0,-9,-85,5606,2010:8828,2010,2010
33,Bills,8804,nfl,8806,Buffalo Bills,BUFFALO,TRUE,3,11,0,14,17,14,0,3,21,15,12,0,3,150,0,18,16,0,2,172,0,-3,-22,5606,2010:8804,2010,2010
33,Panthers,8805,nfl,8802,Carolina Panthers,CAROLINA,TRUE,2,14,0,16,24,12,0,12,23,18,7,0,11,172,0,20,17,0,3,195,0,-2,-23,5606,2010:8805,2010,2010
33,Dolphins,8816,nfl,8806,Miami Dolphins,MIAMI,TRUE,7,9,0,16,23,18,0,5,28,19,14,0,5,180,0,24,18,0,6,231,0,-5,-51,5606,2010:8816,2010,2010
33,Saints,8819,nfl,8802,New Orleans Saints,NEWORLEANS,TRUE,11,5,0,16,28,21,0,7,20,22,17,0,5,202,0,16,10,0,6,152,0,6,50,5606,2010:8819,2010,2010
33,Buccaneers,8829,nfl,8802,Tampa Bay Buccaneers,TAMPABAY,TRUE,10,5,0,15,27,17,0,10,21,23,14,0,9,216,0,17,10,0,7,159,0,6,57,5606,2010:8829,2010,2010
33,Ravens,8803,nfl,8802,Baltimore Ravens,BALTIMORE,TRUE,11,3,0,14,13,8,0,5,25,10,6,0,4,99,0,21,12,0,9,199,0,-11,-100,5606,2010:8803,2010,2010
33,Bengals,8807,nfl,8802,Cincinnati Bengals,CINCINNATI,TRUE,4,11,0,15,19,16,0,3,19,18,15,0,3,170,0,17,12,0,5,151,0,1,19,5606,2010:8807,2010,2010
33,Browns,8808,nfl,8802,Cleveland Browns,CLEVELAND,TRUE,5,10,0,15,19,11,0,8,18,17,9,0,8,161,0,17,13,0,4,168,0,0,-7,5606,2010:8808,2010,2010
33,Broncos,8810,nfl,8801,Denver Broncos,DENVER,TRUE,3,12,0,15,22,15,0,7,27,17,11,0,6,163,0,25,17,0,8,247,0,-8,-84,5606,2010:8810,2010,2010
33,Jaguars,8814,nfl,8809,Jacksonville Jaguars,JACKSONVIL,TRUE,8,8,0,16,22,17,0,5,12,17,13,0,4,168,0,11,9,0,2,110,0,6,58,5606,2010:8814,2010,2010
33,Steelers,8824,nfl,8802,Pittsburgh Steelers,PITTSBURGH,TRUE,12,4,0,16,37,27,0,10,24,32,23,0,9,312,0,21,16,0,5,206,0,11,106,5606,2010:8824,2010,2010
33,Titans,8830,nfl,8809,Tennessee Titans,TENNESSEE,TRUE,6,10,0,16,28,21,0,7,28,27,20,0,7,253,0,20,14,0,6,190,0,7,63,5606,2010:8830,2010,2010
33,Patriots,8818,nfl,8806,New England Patriots,NEWENGLAND,TRUE,12,2,0,14,15,13,0,2,16,15,13,0,2,151,0,15,11,0,4,146,0,0,5,5606,2010:8818,2010,2010
33,Jets,8821,nfl,8806,New York Jets,NYJETS,TRUE,10,4,0,14,23,20,0,3,14,20,17,0,3,201,0,11,7,0,4,103,0,9,98,5606,2010:8821,2010,2010
33,Raiders,8822,nfl,8801,Oakland Raiders,OAKLAND,TRUE,8,8,0,16,31,22,0,9,27,25,18,0,7,251,0,24,16,0,8,233,0,1,18,5606,2010:8822,2010,2010
33,Chargers,8825,nfl,8801,San Diego Chargers,SANDIEGO,TRUE,6,7,0,13,18,10,0,8,19,16,8,0,8,142,0,17,9,0,8,171,0,-1,-29,5606,2010:8825,2010,2010
33,Packers,8812,nfl,8802,Green Bay Packers,GREENBAY,TRUE,8,5,0,13,14,11,0,3,23,12,9,0,3,120,0,21,14,0,7,203,0,-9,-83,5606,2010:8812,2010,2010
33,Redskins,8831,nfl,8806,Washington Redskins,WASHINGTON,TRUE,6,9,0,15,21,16,0,5,30,18,14,0,4,176,0,27,21,0,6,261,0,-9,-85,5606,2010:8831,2010,2010
33,Chiefs,8815,nfl,8801,Kansas City Chiefs,KANSASCITY,TRUE,10,6,0,16,23,17,0,6,27,19,14,0,5,188,0,21,13,0,8,199,0,-2,-11,5606,2010:8815,2010,2010
33,Eagles,8823,nfl,8802,Philadelphia Eagles,PHILADELPH,TRUE,9,6,0,15,26,20,0,6,19,24,18,0,6,235,0,16,12,0,4,144,0,8,91,5606,2010:8823,2010,2010
33,Vikings,8817,nfl,8806,Minnesota Vikings,MINNESOTA,TRUE,4,7,0,11,18,14,0,4,17,14,11,0,3,140,0,13,12,0,1,122,0,1,18,5606,2010:8817,2010,2010
65,Falcons,8802,nfl,8806,Atlanta Falcons,ATLANTA,TRUE,9,6,0,15,23,19,0,4,29,18,15,0,3,174,0,25,16,0,9,239,0,-7,-65,6627,2011:8802,2011,2011
65,Bears,8806,nfl,8802,Chicago Bears,CHICAGO,TRUE,8,7,0,15,25,16,0,9,21,18,9,0,9,166,0,18,15,0,3,175,0,0,-9,6627,2011:8806,2011,2011
65,Cardinals,8801,nfl,8809,Arizona Cardinals,ARIZONA,TRUE,8,8,0,16,18,9,0,9,24,15,7,0,8,136,0,18,10,0,8,173,0,-3,-37,6627,2011:8801,2011,2011
65,Cowboys,8809,nfl,8801,Dallas Cowboys,DALLAS,TRUE,7,7,0,14,21,16,0,5,16,18,13,0,5,163,0,15,13,0,2,140,0,3,23,6627,2011:8809,2011,2011
65,Lions,8811,nfl,8802,Detroit Lions,DETROIT,TRUE,9,6,0,15,22,19,0,3,24,18,15,0,3,170,0,15,9,0,6,142,0,3,28,6627,2011:8811,2011,2011
65,Texans,13974,nfl,8802,Houston Texans,HOUSTON,TRUE,9,3,0,12,17,15,0,2,16,15,13,0,2,136,0,13,9,0,4,112,0,2,24,6627,2011:13974,2011,2011
65,Colts,8813,nfl,8802,Indianapolis Colts,INDIANAPOL,TRUE,2,14,0,16,16,12,0,4,24,14,10,0,4,116,0,20,17,0,3,193,0,-6,-77,6627,2011:8813,2011,2011
65,Giants,8820,nfl,8801,New York Giants,NYGIANTS,TRUE,8,6,0,14,23,17,0,6,16,20,14,0,6,197,0,13,9,0,4,125,0,7,72,6627,2011:8820,2011,2011
65,49ers,8826,nfl,8801,San Francisco 49ers,SANFRNCSCO,TRUE,12,2,0,14,17,8,0,9,23,12,6,0,6,112,0,16,7,0,9,153,0,-4,-41,6627,2011:8826,2011,2011
65,Seahawks,8827,nfl,8802,Seattle Seahawks,SEATTLE,TRUE,7,8,0,15,27,18,0,9,16,19,12,0,7,190,0,15,11,0,4,139,0,4,51,6627,2011:8827,2011,2011
65,Rams,8828,nfl,8801,St Louis Rams,STLOUIS,TRUE,1,14,0,15,20,14,0,6,29,14,8,0,6,134,0,25,16,0,9,240,0,-11,-106,6627,2011:8828,2011,2011
65,Bills,8804,nfl,8809,Buffalo Bills,BUFFALO,TRUE,6,9,0,15,19,18,0,1,17,14,13,0,1,135,0,15,13,0,2,148,0,-1,-13,6627,2011:8804,2011,2011
65,Panthers,8805,nfl,8802,Carolina Panthers,CAROLINA,TRUE,6,10,0,16,35,26,0,9,24,31,22,0,9,294,0,22,16,0,6,220,0,9,74,6627,2011:8805,2011,2011
65,Dolphins,8816,nfl,8809,Miami Dolphins,MIAMI,TRUE,5,9,0,14,23,16,0,7,28,21,14,0,7,200,0,21,19,0,2,209,0,0,-9,6627,2011:8816,2011,2011
65,Saints,8819,nfl,8802,New Orleans Saints,NEWORLEANS,TRUE,12,2,0,14,22,15,0,7,15,20,14,0,6,198,0,12,10,0,2,116,0,8,82,6627,2011:8819,2011,2011
65,Buccaneers,8829,nfl,8802,Tampa Bay Buccaneers,TAMPABAY,TRUE,4,10,0,14,23,22,0,1,26,18,17,0,1,179,0,18,14,0,4,164,0,0,15,6627,2011:8829,2011,2011
65,Ravens,8803,nfl,8801,Baltimore Ravens,BALTIMORE,TRUE,10,3,0,13,16,11,0,5,20,16,11,0,5,149,0,15,8,0,7,143,0,1,6,6627,2011:8803,2011,2011
65,Bengals,8807,nfl,8801,Cincinnati Bengals,CINCINNATI,TRUE,9,7,0,16,31,25,0,6,23,27,22,0,5,260,0,18,11,0,7,174,0,9,86,6627,2011:8807,2011,2011
65,Browns,8808,nfl,8801,Cleveland Browns,CLEVELAND,TRUE,4,12,0,16,23,13,0,10,18,18,9,0,9,178,0,17,13,0,4,161,0,1,17,6627,2011:8808,2011,2011
65,Broncos,8810,nfl,8806,Denver Broncos,DENVER,TRUE,7,8,0,15,26,24,0,2,24,20,18,0,2,191,0,23,17,0,6,206,0,-3,-15,6627,2011:8810,2011,2011
65,Jaguars,8814,nfl,8802,Jacksonville Jaguars,JACKSONVIL,TRUE,5,10,0,15,23,18,0,5,21,15,11,0,4,147,0,20,15,0,5,200,0,-5,-53,6627,2011:8814,2011,2011
65,Steelers,8824,nfl,8801,Pittsburgh Steelers,PITTSBURGH,TRUE,11,4,0,15,31,20,0,11,25,25,16,0,9,246,0,20,13,0,7,196,0,5,50,6627,2011:8824,2011,2011
65,Titans,8830,nfl,8802,Tennessee Titans,TENNESSEE,TRUE,7,6,0,13,28,16,0,12,33,26,15,0,11,253,0,25,18,0,7,228,0,1,25,6627,2011:8830,2011,2011
65,Patriots,8818,nfl,8809,New England Patriots,NEWENGLAND,TRUE,13,2,0,15,21,17,0,4,29,20,16,0,4,187,0,22,17,0,5,209,0,-2,-22,6627,2011:8818,2011,2011
65,Jets,8821,nfl,8809,New York Jets,NYJETS,TRUE,7,5,0,12,22,12,0,10,14,20,11,0,9,186,0,14,8,0,6,127,0,6,59,6627,2011:8821,2011,2011
65,Raiders,8822,nfl,8806,Oakland Raiders,OAKLAND,TRUE,7,8,0,15,30,25,0,5,30,29,24,0,5,267,0,24,19,0,5,239,0,5,28,6627,2011:8822,2011,2011
65,Chargers,8825,nfl,8806,San Diego Chargers,SANDIEGO,TRUE,6,8,0,14,15,12,0,3,20,13,11,0,2,128,0,19,12,0,7,175,0,-6,-47,6627,2011:8825,2011,2011
65,Packers,8812,nfl,8802,Green Bay Packers,GREENBAY,TRUE,13,1,0,14,16,13,0,3,18,9,7,0,2,81,0,15,12,0,3,148,0,-6,-67,6627,2011:8812,2011,2011
65,Redskins,8831,nfl,8801,Washington Redskins,WASHINGTON,TRUE,5,11,0,16,23,17,0,6,28,20,14,0,6,192,0,25,17,0,8,227,0,-5,-35,6627,2011:8831,2011,2011
65,Chiefs,8815,nfl,8806,Kansas City Chiefs,KANSASCITY,TRUE,7,9,0,16,24,17,0,7,27,19,13,0,6,187,0,19,14,0,5,179,0,0,8,6627,2011:8815,2011,2011
65,Eagles,8823,nfl,8802,Philadelphia Eagles,PHILADELPH,TRUE,8,7,0,15,23,17,0,6,27,18,12,0,6,161,0,23,14,0,9,210,0,-5,-49,6627,2011:8823,2011,2011
65,Vikings,8817,nfl,8802,Minnesota Vikings,MINNESOTA,TRUE,3,13,0,16,28,21,0,7,26,22,17,0,5,212,0,22,17,0,5,215,0,0,-3,6627,2011:8817,2011,2011
97,Falcons,8802,nfl,8801,Atlanta Falcons,ATLANTA,TRUE,11,2,0,13,11,8,0,3,21,8,5,0,3,75,0,14,9,0,5,128,0,-6,-53,7469,2012:8802,2012,2012
97,Bears,8806,nfl,8801,Chicago Bears,CHICAGO,TRUE,8,6,0,14,30,19,0,11,18,25,14,0,11,224,0,15,10,0,5,137,0,10,87,7469,2012:8806,2012,2012
97,Cardinals,8801,nfl,8802,Arizona Cardinals,ARIZONA,TRUE,5,9,0,14,28,20,0,8,21,24,17,0,7,216,0,16,9,0,7,134,0,8,82,7469,2012:8801,2012,2012
97,Cowboys,8809,nfl,8802,Dallas Cowboys,DALLAS,TRUE,8,5,0,13,31,27,0,4,13,21,19,0,2,207,0,12,8,0,4,112,0,9,95,7469,2012:8809,2012,2012
97,Lions,8811,nfl,8802,Detroit Lions,DETROIT,TRUE,3,11,0,14,18,15,0,3,16,15,12,0,3,139,0,14,10,0,4,124,0,1,15,7469,2012:8811,2012,2012
97,Texans,13974,nfl,8806,Houston Texans,HOUSTON,TRUE,11,4,0,15,22,15,0,7,25,19,12,0,7,185,0,18,13,0,5,176,0,1,9,7469,2012:13974,2012,2012
97,Colts,8813,nfl,8806,Indianapolis Colts,INDIANAPOL,TRUE,11,4,0,15,20,14,0,6,25,13,8,0,5,117,0,22,14,0,8,219,0,-9,-102,7469,2012:8813,2012,2012
97,Giants,8820,nfl,8802,New York Giants,NYGIANTS,TRUE,9,7,0,16,22,15,0,7,26,17,11,0,6,168,0,21,16,0,5,204,0,-4,-36,7469,2012:8820,2012,2012
97,49ers,8826,nfl,8806,San Francisco 49ers,SANFRNCSCO,TRUE,11,4,1,16,23,17,0,6,25,22,17,0,5,206,0,24,16,0,8,225,0,-2,-19,7469,2012:8826,2012,2012
97,Seahawks,8827,nfl,8806,Seattle Seahawks,SEATTLE,TRUE,10,4,0,14,26,23,0,3,18,22,19,0,3,215,0,13,8,0,5,128,0,9,87,7469,2012:8827,2012,2012
97,Rams,8828,nfl,8806,St Louis Rams,STLOUIS,TRUE,7,8,1,16,31,20,0,11,21,23,15,0,8,203,0,17,12,1,4,152,0,6,51,7469,2012:8828,2012,2012
97,Bills,8804,nfl,8801,Buffalo Bills,BUFFALO,TRUE,6,10,0,16,18,15,1,2,28,16,13,1,2,160,0,20,15,0,5,182,0,-4,-22,7469,2012:8804,2012,2012
97,Panthers,8805,nfl,8802,Carolina Panthers,CAROLINA,TRUE,6,7,0,13,17,13,0,4,19,14,10,0,4,136,0,15,14,0,1,150,0,-1,-14,7469,2012:8805,2012,2012
97,Dolphins,8816,nfl,8801,Miami Dolphins,MIAMI,TRUE,7,9,0,16,21,16,0,5,25,18,13,0,5,173,0,23,19,0,4,203,0,-5,-30,7469,2012:8816,2012,2012
97,Saints,8819,nfl,8802,New Orleans Saints,NEWORLEANS,TRUE,7,9,0,16,32,22,0,10,34,27,17,0,10,260,0,29,22,0,7,281,0,-2,-21,7469,2012:8819,2012,2012
97,Buccaneers,8829,nfl,8802,Tampa Bay Buccaneers,TAMPABAY,TRUE,6,9,0,15,23,21,0,2,27,16,14,0,2,160,0,23,16,0,7,214,0,-7,-54,7469,2012:8829,2012,2012
97,Ravens,8803,nfl,8809,Baltimore Ravens,BALTIMORE,TRUE,10,6,0,16,29,18,0,11,22,27,17,0,10,257,0,21,18,0,3,206,0,6,51,7469,2012:8803,2012,2012
97,Bengals,8807,nfl,8809,Cincinnati Bengals,CINCINNATI,TRUE,10,6,0,16,30,24,0,6,24,27,21,0,6,263,0,20,12,0,8,198,0,7,65,7469,2012:8807,2012,2012
97,Browns,8808,nfl,8809,Cleveland Browns,CLEVELAND,TRUE,4,10,0,14,27,18,0,9,34,23,14,0,9,222,0,27,22,0,5,257,0,-4,-35,7469,2012:8808,2012,2012
97,Broncos,8810,nfl,8802,Denver Broncos,DENVER,TRUE,13,3,0,16,24,19,0,5,34,19,14,0,5,184,0,27,20,0,7,257,0,-8,-73,7469,2012:8810,2012,2012
97,Jaguars,8814,nfl,8806,Jacksonville Jaguars,JACKSONVIL,TRUE,2,13,0,15,22,18,0,4,18,20,16,0,4,192,0,16,8,0,8,154,0,4,38,7469,2012:8814,2012,2012
97,Steelers,8824,nfl,8809,Pittsburgh Steelers,PITTSBURGH,TRUE,7,8,0,15,37,22,0,15,23,33,19,0,14,304,0,19,12,0,7,185,0,14,119,7469,2012:8824,2012,2012
97,Titans,8830,nfl,8806,Tennessee Titans,TENNESSEE,TRUE,6,10,0,16,27,19,2,6,28,19,11,2,6,180,0,21,16,0,5,194,0,-2,-14,7469,2012:8830,2012,2012
97,Patriots,8818,nfl,8801,New England Patriots,NEWENGLAND,TRUE,11,4,0,15,18,13,0,5,27,15,10,0,5,136,0,25,17,0,8,241,0,-10,-105,7469,2012:8818,2012,2012
97,Jets,8821,nfl,8801,New York Jets,NYJETS,TRUE,4,9,0,13,13,10,0,3,24,9,7,0,2,90,0,20,14,1,5,196,0,-11,-106,7469,2012:8821,2012,2012
97,Raiders,8822,nfl,8802,Oakland Raiders,OAKLAND,TRUE,4,11,0,15,30,23,0,7,24,27,20,0,7,252,0,21,14,0,7,211,0,6,41,7469,2012:8822,2012,2012
97,Chargers,8825,nfl,8802,San Diego Chargers,SANDIEGO,TRUE,6,7,0,13,19,14,0,5,20,15,11,0,4,142,0,19,10,1,8,176,0,-4,-34,7469,2012:8825,2012,2012
97,Packers,8812,nfl,8806,Green Bay Packers,GREENBAY,TRUE,10,5,0,15,28,24,0,4,22,21,18,0,3,210,0,16,12,0,4,157,0,5,53,7469,2012:8812,2012,2012
97,Redskins,8831,nfl,8802,Washington Redskins,WASHINGTON,TRUE,8,5,0,13,21,16,0,5,29,20,15,0,5,194,0,23,16,0,7,220,0,-3,-26,7469,2012:8831,2012,2012
97,Chiefs,8815,nfl,8802,Kansas City Chiefs,KANSASCITY,TRUE,1,13,0,14,24,14,0,10,17,20,10,0,10,191,0,15,10,0,5,134,0,5,57,7469,2012:8815,2012,2012
97,Eagles,8823,nfl,8802,Philadelphia Eagles,PHILADELPH,TRUE,4,12,0,16,29,25,0,4,29,22,19,0,3,216,0,23,18,0,5,229,0,-1,-13,7469,2012:8823,2012,2012
97,Vikings,8817,nfl,8806,Minnesota Vikings,MINNESOTA,TRUE,9,5,0,14,14,9,0,5,28,13,8,0,5,112,0,21,16,0,5,205,0,-8,-93,7469,2012:8817,2012,2012
129,Falcons,8802,nfl,8801,Atlanta Falcons,ATLANTA,TRUE,4,10,0,14,18,13,0,5,21,16,12,0,4,150,0,19,16,0,3,182,0,-3,-32,8447,2013:8802,2013,2013
129,Bears,8806,nfl,8809,Chicago Bears,CHICAGO,TRUE,8,7,0,15,20,14,0,6,14,18,12,0,6,167,0,12,8,0,4,114,0,6,53,8447,2013:8806,2013,2013
129,Cardinals,8801,nfl,8802,Arizona Cardinals,ARIZONA,TRUE,9,6,0,15,14,11,0,3,18,12,9,0,3,113,0,16,8,0,8,130,0,-4,-17,8447,2013:8801,2013,2013
129,Cowboys,8809,nfl,8806,Dallas Cowboys,DALLAS,TRUE,8,8,0,16,24,15,0,9,24,20,11,0,9,193,0,21,14,0,7,209,0,-1,-16,8447,2013:8809,2013,2013
129,Lions,8811,nfl,8806,Detroit Lions,DETROIT,TRUE,7,7,0,14,22,13,0,9,20,19,10,0,9,172,0,16,12,0,4,149,0,3,23,8447,2013:8811,2013,2013
129,Texans,13974,nfl,8801,Houston Texans,HOUSTON,TRUE,2,13,0,15,30,18,0,12,25,22,11,0,11,208,0,22,14,0,8,174,0,0,34,8447,2013:13974,2013,2013
129,Colts,8813,nfl,8801,Indianapolis Colts,INDIANAPOL,TRUE,8,3,0,11,10,5,0,5,16,9,5,0,4,90,0,12,8,0,4,116,0,-3,-26,8447,2013:8813,2013,2013
129,Giants,8820,nfl,8806,New York Giants,NYGIANTS,TRUE,5,8,0,13,17,13,0,4,28,12,9,0,3,120,0,24,17,0,7,233,0,-12,-113,8447,2013:8820,2013,2013
129,49ers,8826,nfl,8802,San Francisco 49ers,SANFRNCSCO,TRUE,11,3,0,14,15,7,0,8,24,12,5,0,7,96,0,23,18,0,5,216,0,-11,-120,8447,2013:8826,2013,2013
129,Seahawks,8827,nfl,8802,Seattle Seahawks,SEATTLE,TRUE,13,3,0,16,27,22,0,5,16,21,16,0,5,194,0,14,7,0,7,119,0,7,75,8447,2013:8827,2013,2013
129,Rams,8828,nfl,8802,St Louis Rams,STLOUIS,TRUE,6,8,0,14,14,4,0,10,26,13,4,0,9,110,0,22,14,0,8,210,0,-9,-100,8447,2013:8828,2013,2013
129,Bills,8804,nfl,8802,Buffalo Bills,BUFFALO,TRUE,6,10,0,16,25,21,0,4,23,20,17,0,3,191,0,19,16,0,3,185,0,1,6,8447,2013:8804,2013,2013
129,Panthers,8805,nfl,8802,Carolina Panthers,CAROLINA,TRUE,11,4,0,15,16,11,0,5,23,15,10,0,5,144,0,18,14,0,4,178,0,-3,-34,8447,2013:8805,2013,2013
129,Dolphins,8816,nfl,8802,Miami Dolphins,MIAMI,TRUE,7,7,0,14,15,10,0,5,26,12,7,0,5,112,0,24,18,0,6,236,0,-12,-124,8447,2013:8816,2013,2013
129,Saints,8819,nfl,8802,New Orleans Saints,NEWORLEANS,TRUE,11,5,0,16,31,27,0,4,14,26,22,0,4,248,0,11,7,0,4,101,0,15,147,8447,2013:8819,2013,2013
129,Buccaneers,8829,nfl,8802,Tampa Bay Buccaneers,TAMPABAY,TRUE,4,10,0,14,27,24,0,3,23,25,22,0,3,247,0,19,14,0,5,188,0,6,59,8447,2013:8829,2013,2013
129,Ravens,8803,nfl,8806,Baltimore Ravens,BALTIMORE,TRUE,6,8,0,14,21,14,0,7,24,16,10,0,6,151,0,21,17,0,4,193,0,-5,-42,8447,2013:8803,2013,2013
129,Bengals,8807,nfl,8806,Cincinnati Bengals,CINCINNATI,TRUE,10,5,0,15,24,17,0,7,13,21,14,0,7,200,0,11,9,0,2,110,0,10,90,8447,2013:8807,2013,2013
129,Browns,8808,nfl,8806,Cleveland Browns,CLEVELAND,TRUE,4,11,0,15,16,11,0,5,25,12,8,0,4,113,0,24,15,0,9,218,0,-12,-105,8447,2013:8808,2013,2013
129,Broncos,8810,nfl,8809,Denver Broncos,DENVER,TRUE,12,3,0,15,26,20,0,6,26,21,16,0,5,200,0,21,16,0,5,196,0,0,4,8447,2013:8810,2013,2013
129,Jaguars,8814,nfl,8801,Jacksonville Jaguars,JACKSONVIL,TRUE,3,10,0,13,14,11,0,3,23,11,8,0,3,104,0,19,10,0,9,171,0,-8,-67,8447,2013:8814,2013,2013
129,Steelers,8824,nfl,8806,Pittsburgh Steelers,PITTSBURGH,TRUE,8,7,0,15,21,13,0,8,23,20,12,0,8,172,0,19,13,0,6,181,0,1,-9,8447,2013:8824,2013,2013
129,Titans,8830,nfl,8801,Tennessee Titans,TENNESSEE,TRUE,5,8,0,13,27,23,0,4,19,25,21,0,4,222,0,12,7,0,5,104,0,13,118,8447,2013:8830,2013,2013
129,Patriots,8818,nfl,8802,New England Patriots,NEWENGLAND,TRUE,11,3,0,14,20,17,0,3,12,15,12,0,3,150,0,8,5,0,3,80,0,7,70,8447,2013:8818,2013,2013
129,Jets,8821,nfl,8802,New York Jets,NYJETS,TRUE,8,8,0,16,19,18,0,1,26,14,13,0,1,141,0,22,17,0,5,212,0,-8,-71,8447,2013:8821,2013,2013
129,Raiders,8822,nfl,8809,Oakland Raiders,OAKLAND,TRUE,3,12,0,15,31,25,0,6,23,22,16,0,6,206,0,19,14,0,5,177,0,3,29,8447,2013:8822,2013,2013
129,Chargers,8825,nfl,8809,San Diego Chargers,SANDIEGO,TRUE,8,6,0,14,20,15,0,5,17,19,14,0,5,189,0,15,12,0,3,145,0,4,44,8447,2013:8825,2013,2013
129,Packers,8812,nfl,8802,Green Bay Packers,GREENBAY,TRUE,6,7,1,14,28,23,0,5,15,24,19,0,5,222,0,11,9,0,2,105,0,13,117,8447,2013:8812,2013,2013
129,Redskins,8831,nfl,8802,Washington Redskins,WASHINGTON,TRUE,3,12,0,15,28,24,0,4,22,21,17,0,4,207,0,16,9,0,7,147,0,5,60,8447,2013:8831,2013,2013
129,Chiefs,8815,nfl,8809,Kansas City Chiefs,KANSASCITY,TRUE,11,5,0,16,29,20,0,9,23,26,17,0,9,237,0,20,17,0,3,196,0,6,41,8447,2013:8815,2013,2013
129,Eagles,8823,nfl,8806,Philadelphia Eagles,PHILADELPH,TRUE,9,5,0,14,21,18,0,3,24,16,14,0,2,157,0,17,12,0,5,168,0,-1,-11,8447,2013:8823,2013,2013
129,Vikings,8817,nfl,8806,Minnesota Vikings,MINNESOTA,TRUE,5,10,1,16,10,7,0,3,24,10,7,0,3,95,0,18,13,0,5,178,0,-8,-83,8447,2013:8817,2013,2013
161,Falcons,8802,nfl,8806,Atlanta Falcons,ATLANTA,TRUE,6,10,0,16,31,23,0,8,23,23,16,0,7,217,0,20,15,0,5,195,0,3,22,9248,2014:8802,2014,2014
161,Bears,8806,nfl,8802,Chicago Bears,CHICAGO,TRUE,4,11,0,15,23,14,0,9,31,18,9,0,9,170,0,24,18,0,6,230,0,-6,-60,9248,2014:8806,2014,2014
161,Cardinals,8801,nfl,8802,Arizona Cardinals,ARIZONA,TRUE,10,5,0,15,23,17,0,6,26,16,11,0,5,154,0,22,12,0,10,210,0,-6,-56,9248,2014:8801,2014,2014
161,Cowboys,8809,nfl,8806,Dallas Cowboys,DALLAS,TRUE,12,4,0,16,25,18,0,7,23,24,17,0,7,217,0,22,16,0,6,217,0,2,0,9248,2014:8809,2014,2014
161,Lions,8811,nfl,8802,Detroit Lions,DETROIT,TRUE,10,5,0,15,29,19,0,10,24,22,12,0,10,211,0,19,15,0,4,184,0,3,27,9248,2014:8811,2014,2014
161,Texans,13974,nfl,8809,Houston Texans,HOUSTON,TRUE,8,6,0,14,21,17,0,4,33,18,14,0,4,175,0,26,15,0,11,253,0,-8,-78,9248,2014:13974,2014,2014
161,Colts,8813,nfl,8809,Indianapolis Colts,INDIANAPOL,TRUE,10,5,0,15,26,16,0,10,20,22,13,0,9,192,0,16,9,0,7,150,0,6,42,9248,2014:8813,2014,2014
161,Giants,8820,nfl,8802,New York Giants,NYGIANTS,TRUE,6,10,0,16,24,20,1,3,23,23,19,1,3,226,0,19,16,0,3,190,0,4,36,9248,2014:8820,2014,2014
161,49ers,8826,nfl,8806,San Francisco 49ers,SANFRNCSCO,TRUE,7,8,0,15,26,17,0,9,25,23,14,0,9,215,0,21,11,0,10,199,0,2,16,9248,2014:8826,2014,2014
161,Seahawks,8827,nfl,8801,Seattle Seahawks,SEATTLE,TRUE,12,3,0,15,21,15,0,6,25,20,14,0,6,189,0,23,16,0,7,216,0,-3,-27,9248,2014:8827,2014,2014
161,Rams,8828,nfl,8801,St Louis Rams,STLOUIS,TRUE,5,10,0,15,28,19,0,9,29,25,17,0,8,250,0,24,19,0,5,225,0,1,25,9248,2014:8828,2014,2014
161,Bills,8804,nfl,8806,Buffalo Bills,BUFFALO,TRUE,9,6,0,15,22,16,1,5,29,17,12,1,4,151,0,23,18,0,5,228,0,-6,-77,9248,2014:8804,2014,2014
161,Panthers,8805,nfl,8802,Carolina Panthers,CAROLINA,TRUE,7,6,1,14,16,11,0,5,14,13,9,0,4,130,0,10,6,0,4,94,0,3,36,9248,2014:8805,2014,2014
161,Dolphins,8816,nfl,8806,Miami Dolphins,MIAMI,TRUE,8,7,0,15,19,15,0,4,23,14,10,0,4,138,0,18,11,0,7,163,0,-4,-25,9248,2014:8816,2014,2014
161,Saints,8819,nfl,8802,New Orleans Saints,NEWORLEANS,TRUE,7,9,0,16,17,14,0,3,26,15,12,0,3,150,0,25,16,0,9,239,0,-10,-89,9248,2014:8819,2014,2014
161,Buccaneers,8829,nfl,8802,Tampa Bay Buccaneers,TAMPABAY,TRUE,2,14,0,16,34,28,0,6,24,23,20,0,3,226,0,17,8,0,9,164,0,6,62,9248,2014:8829,2014,2014
161,Ravens,8803,nfl,8802,Baltimore Ravens,BALTIMORE,TRUE,9,6,0,15,26,17,0,9,17,22,13,0,9,210,0,14,12,0,2,138,0,8,72,9248,2014:8803,2014,2014
161,Bengals,8807,nfl,8802,Cincinnati Bengals,CINCINNATI,TRUE,10,5,1,16,17,15,0,2,24,14,12,0,2,140,0,20,13,0,7,185,0,-6,-45,9248,2014:8807,2014,2014
161,Browns,8808,nfl,8802,Cleveland Browns,CLEVELAND,TRUE,7,9,0,16,28,13,0,15,18,22,8,0,14,213,0,13,10,0,3,125,0,9,88,9248,2014:8808,2014,2014
161,Broncos,8810,nfl,8801,Denver Broncos,DENVER,TRUE,11,4,0,15,29,23,0,6,15,24,18,0,6,236,0,12,8,1,3,109,0,12,127,9248,2014:8810,2014,2014
161,Jaguars,8814,nfl,8809,Jacksonville Jaguars,JACKSONVIL,TRUE,2,13,0,15,22,16,0,6,24,17,11,0,6,163,0,19,12,0,7,181,0,-2,-18,9248,2014:8814,2014,2014
161,Steelers,8824,nfl,8802,Pittsburgh Steelers,PITTSBURGH,TRUE,10,4,0,14,15,11,0,4,24,12,8,0,4,119,0,20,14,0,6,198,0,-8,-79,9248,2014:8824,2014,2014
161,Titans,8830,nfl,8809,Tennessee Titans,TENNESSEE,TRUE,2,12,0,14,25,20,0,5,22,21,16,0,5,201,0,17,8,0,9,169,0,4,32,9248,2014:8830,2014,2014
161,Patriots,8818,nfl,8806,New England Patriots,NEWENGLAND,TRUE,12,4,0,16,27,19,0,8,14,22,14,0,8,215,0,12,9,0,3,109,0,10,106,9248,2014:8818,2014,2014
161,Jets,8821,nfl,8806,New York Jets,NYJETS,TRUE,3,10,0,13,21,13,0,8,17,18,10,0,8,166,0,12,8,0,4,117,0,6,49,9248,2014:8821,2014,2014
161,Raiders,8822,nfl,8801,Oakland Raiders,OAKLAND,TRUE,3,12,0,15,21,13,0,8,30,17,9,0,8,159,0,27,22,0,5,269,0,-10,-110,9248,2014:8822,2014,2014
161,Chargers,8825,nfl,8801,San Diego Chargers,SANDIEGO,TRUE,9,6,0,15,25,21,0,4,25,22,19,0,3,202,0,21,10,0,11,193,0,1,9,9248,2014:8825,2014,2014
161,Packers,8812,nfl,8802,Green Bay Packers,GREENBAY,TRUE,11,4,0,15,24,19,0,5,19,23,18,0,5,230,0,14,10,0,4,135,0,9,95,9248,2014:8812,2014,2014
161,Redskins,8831,nfl,8801,Washington Redskins,WASHINGTON,TRUE,4,12,0,16,23,17,0,6,40,17,12,0,5,166,0,33,23,1,9,316,0,-16,-150,9248,2014:8831,2014,2014
161,Chiefs,8815,nfl,8801,Kansas City Chiefs,KANSASCITY,TRUE,8,5,0,13,24,18,0,6,20,22,16,0,6,213,0,19,12,0,7,176,0,3,37,9248,2014:8815,2014,2014
161,Eagles,8823,nfl,8801,Philadelphia Eagles,PHILADELPH,TRUE,10,6,0,16,25,20,0,5,22,18,13,0,5,176,0,20,16,0,4,192,0,-2,-16,9248,2014:8823,2014,2014
161,Vikings,8817,nfl,8802,Minnesota Vikings,MINNESOTA,TRUE,6,9,0,15,24,16,0,8,32,20,13,0,7,190,0,25,21,0,4,241,0,-5,-51,9248,2014:8817,2014,2014
193,Falcons,8802,nfl,8809,Atlanta Falcons,ATLANTA,TRUE,8,8,0,16,34,26,0,8,28,27,19,0,8,263,0,23,18,0,5,220,0,4,43,10089,2015:8802,2015,2015
193,Bears,8806,nfl,8801,Chicago Bears,CHICAGO,TRUE,6,9,0,15,42,33,0,9,25,35,26,0,9,335,0,22,17,0,5,201,0,13,134,10089,2015:8806,2015,2015
193,Cardinals,8801,nfl,8806,Arizona Cardinals,ARIZONA,TRUE,13,2,0,15,13,12,0,1,35,9,9,0,0,87,0,28,16,0,12,269,0,-19,-182,10089,2015:8801,2015,2015
193,Cowboys,8809,nfl,8802,Dallas Cowboys,DALLAS,TRUE,4,11,0,15,28,20,0,8,28,22,15,0,7,214,0,27,20,0,7,249,0,-5,-35,10089,2015:8809,2015,2015
193,Lions,8811,nfl,8806,Detroit Lions,DETROIT,TRUE,7,9,0,16,26,18,0,8,20,23,15,0,8,221,0,17,13,0,4,157,0,6,64,10089,2015:8811,2015,2015
193,Texans,13974,nfl,8802,Houston Texans,HOUSTON,TRUE,9,7,0,16,21,16,0,5,33,20,16,0,4,182,0,25,19,0,6,247,0,-5,-65,10089,2015:13974,2015,2015
193,Colts,8813,nfl,8802,Indianapolis Colts,INDIANAPOL,TRUE,8,8,0,16,32,26,0,6,27,26,21,0,5,240,0,22,19,0,3,212,0,4,28,10089,2015:8813,2015,2015
193,Giants,8820,nfl,8802,New York Giants,NYGIANTS,TRUE,5,10,0,15,21,16,0,5,24,18,13,0,5,163,0,21,14,0,7,205,0,-3,-42,10089,2015:8820,2015,2015
193,49ers,8826,nfl,8802,San Francisco 49ers,SANFRNCSCO,TRUE,5,11,0,16,30,22,0,8,33,25,18,0,7,241,0,29,23,0,6,282,0,-4,-41,10089,2015:8826,2015,2015
193,Seahawks,8827,nfl,8806,Seattle Seahawks,SEATTLE,TRUE,9,6,0,15,24,18,0,6,18,22,17,0,5,211,0,16,13,0,3,148,0,6,63,10089,2015:8827,2015,2015
193,Rams,8828,nfl,8806,St Louis Rams,STLOUIS,TRUE,7,9,0,16,27,15,0,12,33,23,12,0,11,221,0,27,20,0,7,250,0,-4,-29,10089,2015:8828,2015,2015
193,Bills,8804,nfl,8809,Buffalo Bills,BUFFALO,TRUE,8,8,0,16,38,30,0,8,33,33,25,0,8,315,0,30,22,0,8,289,0,3,26,10089,2015:8804,2015,2015
193,Panthers,8805,nfl,8802,Carolina Panthers,CAROLINA,TRUE,14,1,0,15,20,15,0,5,21,16,11,0,5,159,0,16,13,0,3,153,0,0,6,10089,2015:8805,2015,2015
193,Dolphins,8816,nfl,8809,Miami Dolphins,MIAMI,TRUE,6,10,0,16,31,21,0,10,42,27,17,0,10,252,0,30,21,0,9,292,0,-3,-40,10089,2015:8816,2015,2015
193,Saints,8819,nfl,8802,New Orleans Saints,NEWORLEANS,TRUE,7,8,0,15,19,17,0,2,36,17,15,0,2,170,0,30,24,0,6,270,0,-13,-100,10089,2015:8819,2015,2015
193,Buccaneers,8829,nfl,8802,Tampa Bay Buccaneers,TAMPABAY,TRUE,6,9,0,15,35,27,0,8,19,29,21,0,8,272,0,14,12,0,2,136,0,15,136,10089,2015:8829,2015,2015
193,Ravens,8803,nfl,8801,Baltimore Ravens,BALTIMORE,TRUE,4,11,0,15,29,20,0,9,12,23,14,0,9,219,0,10,9,0,1,94,0,13,125,10089,2015:8803,2015,2015
193,Bengals,8807,nfl,8801,Cincinnati Bengals,CINCINNATI,TRUE,11,4,0,15,27,25,0,2,33,23,21,0,2,225,0,26,19,0,7,249,0,-3,-24,10089,2015:8807,2015,2015
193,Browns,8808,nfl,8801,Cleveland Browns,CLEVELAND,TRUE,3,11,0,14,22,16,0,6,21,21,15,0,6,206,0,17,12,0,5,168,0,4,38,10089,2015:8808,2015,2015
193,Broncos,8810,nfl,8806,Denver Broncos,DENVER,TRUE,11,4,0,15,23,16,0,7,19,19,12,0,7,176,0,14,12,0,2,139,0,5,37,10089,2015:8810,2015,2015
193,Jaguars,8814,nfl,8802,Jacksonville Jaguars,JACKSONVIL,TRUE,5,11,0,16,30,25,0,5,24,23,19,0,4,228,0,20,16,0,4,195,0,3,33,10089,2015:8814,2015,2015
193,Steelers,8824,nfl,8801,Pittsburgh Steelers,PITTSBURGH,TRUE,9,5,0,14,22,18,0,4,27,18,14,0,4,175,0,21,16,0,5,209,0,-3,-34,10089,2015:8824,2015,2015
193,Titans,8830,nfl,8802,Tennessee Titans,TENNESSEE,TRUE,3,13,0,16,30,26,0,4,32,20,16,0,4,194,0,30,23,0,7,281,0,-10,-87,10089,2015:8830,2015,2015
193,Patriots,8818,nfl,8809,New England Patriots,NEWENGLAND,TRUE,12,4,0,16,26,19,0,7,24,22,15,0,7,214,0,20,16,0,4,192,0,2,22,10089,2015:8818,2015,2015
193,Jets,8821,nfl,8809,New York Jets,NYJETS,TRUE,9,6,0,15,19,17,0,2,30,15,13,0,2,150,0,25,17,0,8,241,0,-10,-91,10089,2015:8821,2015,2015
193,Raiders,8822,nfl,8806,Oakland Raiders,OAKLAND,TRUE,7,9,0,16,26,17,0,9,32,19,11,0,8,165,0,22,14,0,8,197,0,-3,-32,10089,2015:8822,2015,2015
193,Chargers,8825,nfl,8806,San Diego Chargers,SANDIEGO,TRUE,4,12,0,16,38,30,0,8,28,32,26,0,6,298,0,22,16,0,6,220,0,10,78,10089,2015:8825,2015,2015
193,Packers,8812,nfl,8806,Green Bay Packers,GREENBAY,TRUE,10,6,0,16,36,30,0,6,24,28,22,0,6,270,0,17,11,0,6,165,0,11,105,10089,2015:8812,2015,2015
193,Redskins,8831,nfl,8802,Washington Redskins,WASHINGTON,TRUE,9,6,0,15,31,25,0,6,29,25,19,0,6,230,0,26,18,0,8,247,0,-1,-17,10089,2015:8831,2015,2015
193,Chiefs,8815,nfl,8806,Kansas City Chiefs,KANSASCITY,TRUE,11,5,0,16,27,17,0,10,21,19,9,0,10,174,0,19,10,0,9,175,0,0,-1,10089,2015:8815,2015,2015
193,Eagles,8823,nfl,8802,Philadelphia Eagles,PHILADELPH,TRUE,6,9,0,15,30,27,0,3,29,21,18,0,3,198,0,18,11,0,7,170,0,3,28,10089,2015:8823,2015,2015
193,Vikings,8817,nfl,8802,Minnesota Vikings,MINNESOTA,TRUE,11,5,0,16,15,13,0,2,32,11,9,0,2,105,0,27,19,0,8,251,0,-16,-146,10089,2015:8817,2015,2015
225,Falcons,8802,nfl,8801,Atlanta Falcons,ATLANTA,TRUE,11,5,0,16,26,13,0,13,20,25,13,0,12,216,0,16,14,0,2,144,0,9,72,10652,2016:8802,2016,2016
225,Bears,8806,nfl,8809,Chicago Bears,CHICAGO,TRUE,3,13,0,16,28,24,0,4,34,26,22,0,4,263,0,25,21,0,4,250,0,1,13,10652,2016:8806,2016,2016
225,Cardinals,8801,nfl,8802,Arizona Cardinals,ARIZONA,TRUE,7,8,1,16,30,21,0,9,34,26,17,0,9,235,0,26,23,0,3,256,0,0,-21,10652,2016:8801,2016,2016
225,Cowboys,8809,nfl,8806,Dallas Cowboys,DALLAS,TRUE,12,3,0,15,32,23,0,9,21,29,20,0,9,274,0,18,13,0,5,177,0,11,97,10652,2016:8809,2016,2016
225,Lions,8811,nfl,8806,Detroit Lions,DETROIT,TRUE,9,7,0,16,29,23,0,6,30,24,18,0,6,226,0,22,18,0,4,208,0,2,18,10652,2016:8811,2016,2016
225,Texans,13974,nfl,8806,Houston Texans,HOUSTON,TRUE,9,6,0,15,24,22,0,2,31,16,15,0,1,156,0,29,20,0,9,271,0,-13,-115,10652,2016:13974,2016,2016
225,Colts,8813,nfl,8806,Indianapolis Colts,INDIANAPOL,TRUE,7,8,0,15,20,16,0,4,30,17,14,0,3,170,0,28,25,0,3,267,0,-11,-97,10652,2016:8813,2016,2016
225,Giants,8820,nfl,8806,New York Giants,NYGIANTS,TRUE,11,5,0,16,22,21,0,1,43,18,17,0,1,172,0,36,20,0,16,348,0,-18,-176,10652,2016:8820,2016,2016
225,49ers,8826,nfl,8802,San Francisco 49ers,SANFRNCSCO,TRUE,2,14,0,16,25,18,0,7,26,19,14,0,5,190,0,24,15,0,9,224,0,-5,-34,10652,2016:8826,2016,2016
225,Seahawks,8827,nfl,8802,Seattle Seahawks,SEATTLE,TRUE,10,5,1,16,25,20,0,5,26,20,15,0,5,193,0,22,15,0,7,198,0,-2,-5,10652,2016:8827,2016,2016
225,Rams,8828,nfl,8802,Los Angeles Rams,LARAMS,TRUE,4,12,0,16,29,18,0,11,21,23,13,0,10,225,0,16,13,0,3,151,0,7,74,10652,2016:8828,2016,2016
225,Bills,8804,nfl,8801,Buffalo Bills,BUFFALO,TRUE,7,9,0,16,26,24,0,2,29,24,22,0,2,229,0,22,16,1,5,221,0,2,8,10652,2016:8804,2016,2016
225,Panthers,8805,nfl,8802,Carolina Panthers,CAROLINA,TRUE,6,10,0,16,28,22,0,6,29,21,15,0,6,187,0,25,15,0,10,236,0,-4,-49,10652,2016:8805,2016,2016
225,Dolphins,8816,nfl,8801,Miami Dolphins,MIAMI,TRUE,10,6,0,16,28,22,0,6,36,21,16,0,5,206,0,31,23,1,7,300,0,-10,-94,10652,2016:8816,2016,2016
225,Saints,8819,nfl,8802,New Orleans Saints,NEWORLEANS,TRUE,7,8,0,15,19,16,0,3,18,15,12,0,3,145,0,15,8,0,7,144,0,0,1,10652,2016:8819,2016,2016
225,Buccaneers,8829,nfl,8802,Tampa Bay Buccaneers,TAMPABAY,TRUE,9,7,0,16,26,22,0,4,24,24,20,0,4,229,0,19,13,0,6,188,0,5,41,10652,2016:8829,2016,2016
225,Ravens,8803,nfl,8809,Baltimore Ravens,BALTIMORE,TRUE,8,8,0,16,38,29,0,9,19,34,25,0,9,332,0,15,13,0,2,148,0,19,184,10652,2016:8803,2016,2016
225,Bengals,8807,nfl,8809,Cincinnati Bengals,CINCINNATI,TRUE,5,9,1,15,19,15,1,3,23,16,13,1,2,157,0,17,11,0,6,157,0,-1,0,10652,2016:8807,2016,2016
225,Browns,8808,nfl,8809,Cleveland Browns,CLEVELAND,TRUE,1,15,0,16,25,14,0,11,21,21,10,0,11,196,0,19,16,0,3,187,0,2,9,10652,2016:8808,2016,2016
225,Broncos,8810,nfl,8802,Denver Broncos,DENVER,TRUE,7,7,0,14,33,23,0,10,22,30,20,0,10,256,0,19,15,0,4,187,0,11,69,10652,2016:8810,2016,2016
225,Jaguars,8814,nfl,8806,Jacksonville Jaguars,JACKSONVIL,TRUE,3,12,0,15,32,23,0,9,22,29,20,0,9,279,0,18,12,0,6,172,0,11,107,10652,2016:8814,2016,2016
225,Steelers,8824,nfl,8809,Pittsburgh Steelers,PITTSBURGH,TRUE,11,5,0,16,31,23,1,7,31,24,18,1,5,229,0,27,22,0,5,262,0,-3,-33,10652,2016:8824,2016,2016
225,Titans,8830,nfl,8806,Tennessee Titans,TENNESSEE,TRUE,9,7,0,16,22,14,0,8,33,19,12,0,7,178,0,30,22,0,8,286,0,-11,-108,10652,2016:8830,2016,2016
225,Patriots,8818,nfl,8801,New England Patriots,NEWENGLAND,TRUE,12,2,0,14,34,29,0,5,27,28,23,0,5,272,0,24,18,0,6,229,0,4,43,10652,2016:8818,2016,2016
225,Jets,8821,nfl,8801,New York Jets,NYJETS,TRUE,5,10,0,15,20,16,0,4,15,17,13,0,4,166,0,13,10,0,3,124,0,4,42,10652,2016:8821,2016,2016
225,Raiders,8822,nfl,8802,Oakland Raiders,OAKLAND,TRUE,12,4,0,16,41,27,0,14,32,33,21,0,12,321,0,28,17,0,11,248,0,5,73,10652,2016:8822,2016,2016
225,Chargers,8825,nfl,8802,San Diego Chargers,SANDIEGO,TRUE,5,10,0,15,22,15,0,7,28,18,11,0,7,164,0,23,17,0,6,213,0,-5,-49,10652,2016:8825,2016,2016
225,Packers,8812,nfl,8802,Green Bay Packers,GREENBAY,TRUE,10,5,0,15,30,21,0,9,16,22,15,0,7,208,0,10,6,0,4,97,0,12,111,10652,2016:8812,2016,2016
225,Redskins,8831,nfl,8806,Washington Redskins,WASHINGTON,TRUE,8,7,1,16,25,20,0,5,25,18,15,0,3,175,0,20,19,0,1,197,0,-2,-22,10652,2016:8831,2016,2016
225,Chiefs,8815,nfl,8802,Kansas City Chiefs,KANSASCITY,TRUE,11,4,0,15,19,14,0,5,32,16,11,0,5,152,0,25,18,0,7,236,0,-9,-84,10652,2016:8815,2016,2016
225,Eagles,8823,nfl,8802,Philadelphia Eagles,PHILADELPH,TRUE,7,8,0,15,19,18,0,1,23,15,14,0,1,148,0,19,12,0,7,173,0,-4,-25,10652,2016:8823,2016,2016
225,Vikings,8817,nfl,8806,Minnesota Vikings,MINNESOTA,TRUE,8,7,0,15,17,15,0,2,23,14,12,0,2,130,0,21,16,0,5,180,0,-7,-50,10652,2016:8817,2016,2016
257,Falcons,8802,nfl,8806,Atlanta Falcons,ATLANTA,TRUE,10,6,0,16,27,16,0,11,28,24,14,0,10,228,0,21,17,0,4,209,0,3,19,11571,2017:8802,2017,2017
257,Bears,8806,nfl,8802,Chicago Bears,CHICAGO,TRUE,5,11,0,16,34,26,0,8,33,27,19,0,8,238,0,31,24,0,7,293,0,-4,-55,11571,2017:8806,2017,2017
257,Cardinals,8801,nfl,8809,Arizona Cardinals,ARIZONA,TRUE,7,8,0,15,35,25,0,10,36,27,18,0,9,252,0,31,18,0,13,275,0,-4,-23,11571,2017:8801,2017,2017
257,Cowboys,8809,nfl,8802,Dallas Cowboys,DALLAS,TRUE,9,6,0,15,32,26,0,6,21,28,22,0,6,272,0,18,10,0,8,160,0,10,112,11571,2017:8809,2017,2017
257,Lions,8811,nfl,8802,Detroit Lions,DETROIT,TRUE,9,7,0,16,31,27,0,4,25,25,21,0,4,232,0,19,12,0,7,159,0,6,73,11571,2017:8811,2017,2017
257,Texans,13974,nfl,8801,Houston Texans,HOUSTON,TRUE,4,12,0,16,35,23,0,12,25,27,16,0,11,241,0,18,13,0,5,170,0,9,71,11571,2017:13974,2017,2017
257,Colts,8813,nfl,8801,Indianapolis Colts,INDIANAPOL,TRUE,4,11,0,15,17,13,0,4,30,13,9,0,4,124,0,21,12,0,9,201,0,-8,-77,11571,2017:8813,2017,2017
257,Giants,8820,nfl,8801,New York Giants,NYGIANTS,TRUE,3,11,0,14,24,19,0,5,33,18,14,0,4,175,0,26,21,0,5,254,0,-8,-79,11571,2017:8820,2017,2017
257,49ers,8826,nfl,8806,San Francisco 49ers,SANFRNCSCO,TRUE,4,9,0,13,23,16,0,7,23,22,15,0,7,211,0,22,16,0,6,207,0,0,4,11571,2017:8826,2017,2017
257,Seahawks,8827,nfl,8802,Seattle Seahawks,SEATTLE,TRUE,9,7,0,16,33,24,1,8,23,23,15,0,8,219,0,19,11,0,8,173,0,4,46,11571,2017:8827,2017,2017
257,Rams,8828,nfl,8801,Los Angeles Rams,LARAMS,TRUE,11,4,0,15,22,13,0,9,26,16,10,0,6,149,0,18,15,0,3,178,0,-2,-29,11571,2017:8828,2017,2017
257,Bills,8804,nfl,8802,Buffalo Bills,BUFFALO,TRUE,8,7,0,15,26,21,1,4,20,22,17,1,4,218,0,16,11,0,5,160,0,6,58,11571,2017:8804,2017,2017
257,Panthers,8805,nfl,8802,Carolina Panthers,CAROLINA,TRUE,9,4,0,13,15,12,0,3,18,11,8,0,3,109,0,15,9,0,6,150,0,-4,-41,11571,2017:8805,2017,2017
257,Dolphins,8816,nfl,8802,Miami Dolphins,MIAMI,TRUE,6,9,0,15,27,21,0,6,40,24,18,0,6,233,0,32,20,0,12,291,0,-8,-58,11571,2017:8816,2017,2017
257,Saints,8819,nfl,8802,New Orleans Saints,NEWORLEANS,TRUE,9,5,0,14,27,19,0,8,17,19,12,0,7,175,0,13,10,0,3,118,0,6,57,11571,2017:8819,2017,2017
257,Buccaneers,8829,nfl,8802,Tampa Bay Buccaneers,TAMPABAY,TRUE,4,10,0,14,25,17,0,8,32,22,14,0,8,208,0,29,21,0,8,273,0,-7,-65,11571,2017:8829,2017,2017
257,Ravens,8803,nfl,8806,Baltimore Ravens,BALTIMORE,TRUE,8,6,0,14,22,16,0,6,20,16,10,0,6,160,0,14,14,0,0,140,0,2,20,11571,2017:8803,2017,2017
257,Bengals,8807,nfl,8806,Cincinnati Bengals,CINCINNATI,TRUE,7,8,0,15,20,14,0,6,32,16,11,0,5,141,0,29,17,0,12,277,0,-13,-136,11571,2017:8807,2017,2017
257,Browns,8808,nfl,8806,Cleveland Browns,CLEVELAND,TRUE,0,16,0,16,29,23,0,6,21,24,19,0,5,236,0,20,17,0,3,198,0,4,38,11571,2017:8808,2017,2017
257,Broncos,8810,nfl,8809,Denver Broncos,DENVER,TRUE,4,10,0,14,30,26,0,4,15,24,20,0,4,229,0,13,10,0,3,124,0,11,105,11571,2017:8810,2017,2017
257,Jaguars,8814,nfl,8801,Jacksonville Jaguars,JACKSONVIL,TRUE,10,4,0,14,23,17,0,6,25,17,11,0,6,166,0,20,15,0,5,190,0,-3,-24,11571,2017:8814,2017,2017
257,Steelers,8824,nfl,8806,Pittsburgh Steelers,PITTSBURGH,TRUE,12,3,0,15,29,19,0,10,30,24,15,0,9,230,0,26,16,0,10,248,0,-2,-18,11571,2017:8824,2017,2017
257,Titans,8830,nfl,8801,Tennessee Titans,TENNESSEE,TRUE,9,6,0,15,27,17,0,10,22,19,12,0,7,176,0,15,9,0,6,145,0,4,31,11571,2017:8830,2017,2017
257,Patriots,8818,nfl,8802,New England Patriots,NEWENGLAND,TRUE,11,3,0,14,18,13,0,5,21,15,11,0,4,147,0,13,12,0,1,123,0,2,24,11571,2017:8818,2017,2017
257,Jets,8821,nfl,8802,New York Jets,NYJETS,TRUE,5,8,0,13,26,22,0,4,22,20,17,0,3,195,0,19,15,0,4,183,0,1,12,11571,2017:8821,2017,2017
257,Raiders,8822,nfl,8809,Oakland Raiders,OAKLAND,TRUE,3,9,0,12,33,22,0,11,34,28,19,0,9,267,0,30,24,1,5,297,0,-2,-30,11571,2017:8822,2017,2017
257,Chargers,8825,nfl,8809,Los Angeles Chargers,LACHARGERS,TRUE,9,7,0,16,21,13,0,8,33,14,8,0,6,134,0,26,17,0,9,253,0,-12,-119,11571,2017:8825,2017,2017
257,Packers,8812,nfl,8802,Green Bay Packers,GREENBAY,TRUE,7,8,0,15,13,10,0,3,22,10,7,0,3,100,0,17,9,0,8,165,0,-7,-65,11571,2017:8812,2017,2017
257,Redskins,8831,nfl,8801,Washington Redskins,WASHINGTON,TRUE,6,8,0,14,19,13,0,6,27,16,10,0,6,146,0,22,20,0,2,206,0,-6,-60,11571,2017:8831,2017,2017
257,Chiefs,8815,nfl,8809,Kansas City Chiefs,KANSASCITY,TRUE,8,6,0,14,28,18,0,10,24,25,16,0,9,234,0,18,13,0,5,170,0,7,64,11571,2017:8815,2017,2017
257,Eagles,8823,nfl,8806,Philadelphia Eagles,PHILADELPH,TRUE,12,3,0,15,25,22,0,3,25,25,22,0,3,236,0,20,13,0,7,188,0,5,48,11571,2017:8823,2017,2017
257,Vikings,8817,nfl,8802,Minnesota Vikings,MINNESOTA,TRUE,12,2,0,14,26,22,0,4,19,23,20,0,3,223,0,13,9,0,4,126,0,10,97,11571,2017:8817,2017,2017
289,Falcons,8802,nfl,8801,Atlanta Falcons,ATLANTA,TRUE,7,9,0,16,26,20,0,6,29,22,18,0,4,217,0,25,21,0,4,235,0,-3,-18,12151,2018:8802,2018,2018
289,Bears,8806,nfl,8801,Chicago Bears,CHICAGO,TRUE,11,3,0,14,13,9,0,4,23,11,7,0,4,110,0,18,12,0,6,173,0,-7,-63,12151,2018:8806,2018,2018
289,Cardinals,8801,nfl,8802,Arizona Cardinals,ARIZONA,TRUE,3,12,0,15,28,22,0,6,27,20,14,0,6,186,0,21,15,0,6,207,0,-1,-21,12151,2018:8801,2018,2018
289,Cowboys,8809,nfl,8802,Dallas Cowboys,DALLAS,TRUE,9,6,0,15,32,26,0,6,24,28,22,0,6,275,0,20,16,0,4,199,0,8,76,12151,2018:8809,2018,2018
289,Lions,8811,nfl,8806,Detroit Lions,DETROIT,TRUE,6,9,0,15,29,21,0,8,21,20,12,0,8,194,0,15,10,0,5,150,0,5,44,12151,2018:8811,2018,2018
289,Texans,13974,nfl,8809,Houston Texans,HOUSTON,TRUE,11,5,0,16,20,16,0,4,31,16,12,0,4,148,0,27,18,0,9,258,0,-11,-110,12151,2018:13974,2018,2018
289,Colts,8813,nfl,8809,Indianapolis Colts,INDIANAPOL,TRUE,10,6,0,16,34,28,0,6,36,31,25,0,6,306,0,31,23,0,8,302,0,0,4,12151,2018:8813,2018,2018
289,Giants,8820,nfl,8802,New York Giants,NYGIANTS,TRUE,4,11,0,15,27,20,0,7,23,21,15,0,6,187,0,17,13,0,4,165,0,4,22,12151,2018:8820,2018,2018
289,49ers,8826,nfl,8806,San Francisco 49ers,SANFRNCSCO,TRUE,4,12,0,16,22,15,0,7,29,16,9,0,7,152,0,24,17,0,7,233,0,-8,-81,12151,2018:8826,2018,2018
289,Seahawks,8827,nfl,8806,Seattle Seahawks,SEATTLE,TRUE,10,6,0,16,25,24,0,1,22,23,22,0,1,225,0,17,8,0,9,167,0,6,58,12151,2018:8827,2018,2018
289,Rams,8828,nfl,8806,Los Angeles Rams,LARAMS,TRUE,13,2,0,15,21,13,0,8,27,18,10,0,8,179,0,20,20,0,0,199,0,-2,-20,12151,2018:8828,2018,2018
289,Bills,8804,nfl,8806,Buffalo Bills,BUFFALO,TRUE,6,10,0,16,31,26,0,5,26,23,18,0,5,213,0,16,13,0,3,156,1,7,57,12151,2018:8804,2018,2018
289,Panthers,8805,nfl,8802,Carolina Panthers,CAROLINA,TRUE,7,9,0,16,22,17,0,5,24,17,13,0,4,163,0,19,17,0,2,179,0,-2,-16,12151,2018:8805,2018,2018
289,Dolphins,8816,nfl,8806,Miami Dolphins,MIAMI,TRUE,5,9,0,14,26,23,0,3,28,18,15,0,3,167,0,20,16,0,4,194,0,-2,-27,12151,2018:8816,2018,2018
289,Saints,8819,nfl,8802,New Orleans Saints,NEWORLEANS,TRUE,10,3,0,13,24,18,0,6,24,20,15,0,5,201,0,16,12,0,4,158,0,4,43,12151,2018:8819,2018,2018
289,Buccaneers,8829,nfl,8802,Tampa Bay Buccaneers,TAMPABAY,TRUE,5,10,0,15,34,29,0,5,27,28,23,0,5,279,0,23,19,0,4,230,0,5,49,12151,2018:8829,2018,2018
289,Ravens,8803,nfl,8802,Baltimore Ravens,BALTIMORE,TRUE,10,5,0,15,23,18,0,5,34,18,14,0,4,176,0,29,22,0,7,271,0,-11,-95,12151,2018:8803,2018,2018
289,Bengals,8807,nfl,8802,Cincinnati Bengals,CINCINNATI,TRUE,6,9,0,15,26,18,0,8,26,23,17,0,6,222,0,23,14,0,9,215,0,0,7,12151,2018:8807,2018,2018
289,Browns,8808,nfl,8802,Cleveland Browns,CLEVELAND,TRUE,7,8,1,16,41,29,0,12,37,30,19,0,11,267,0,28,21,0,7,271,0,2,-4,12151,2018:8808,2018,2018
289,Broncos,8810,nfl,8801,Denver Broncos,DENVER,TRUE,6,10,0,16,36,29,0,7,26,30,23,0,7,296,0,20,17,0,3,195,0,10,101,12151,2018:8810,2018,2018
289,Jaguars,8814,nfl,8809,Jacksonville Jaguars,JACKSONVIL,TRUE,4,11,0,15,29,25,1,3,23,24,20,1,3,238,0,21,17,0,4,198,0,3,40,12151,2018:8814,2018,2018
289,Steelers,8824,nfl,8802,Pittsburgh Steelers,PITTSBURGH,TRUE,9,6,1,16,27,15,0,12,34,25,14,0,11,228,0,28,20,0,8,271,0,-3,-43,12151,2018:8824,2018,2018
289,Titans,8830,nfl,8809,Tennessee Titans,TENNESSEE,TRUE,9,6,0,15,26,19,0,7,35,20,14,0,6,196,0,32,26,0,6,304,0,-12,-108,12151,2018:8830,2018,2018
289,Patriots,8818,nfl,8806,New England Patriots,NEWENGLAND,TRUE,10,4,0,14,26,22,0,4,22,21,18,0,3,207,0,18,16,0,2,170,0,3,37,12151,2018:8818,2018,2018
289,Jets,8821,nfl,8806,New York Jets,NYJETS,TRUE,4,11,0,15,30,26,0,4,29,21,17,0,4,202,0,23,16,0,7,226,0,-2,-24,12151,2018:8821,2018,2018
289,Raiders,8822,nfl,8801,Oakland Raiders,OAKLAND,TRUE,4,12,0,16,21,20,0,1,44,20,19,0,1,200,0,39,27,0,12,382,0,-19,-182,12151,2018:8822,2018,2018
289,Chargers,8825,nfl,8801,Los Angeles Chargers,LACHARGERS,TRUE,11,4,0,15,30,24,0,6,29,26,20,0,6,254,0,25,17,0,8,246,0,1,8,12151,2018:8825,2018,2018
289,Packers,8812,nfl,8802,Green Bay Packers,GREENBAY,TRUE,6,9,1,16,28,18,0,10,22,23,14,0,9,223,0,21,19,0,2,199,0,2,24,12151,2018:8812,2018,2018
289,Redskins,8831,nfl,8802,Washington Redskins,WASHINGTON,TRUE,7,9,0,16,39,31,0,8,18,32,24,0,8,316,0,14,10,0,4,131,0,18,185,12151,2018:8831,2018,2018
289,Chiefs,8815,nfl,8801,Kansas City Chiefs,KANSASCITY,TRUE,12,3,0,15,30,22,0,8,29,23,17,0,6,221,0,19,14,0,5,188,0,4,33,12151,2018:8815,2018,2018
289,Eagles,8823,nfl,8802,Philadelphia Eagles,PHILADELPH,TRUE,9,6,0,15,25,18,0,7,24,22,16,0,6,215,0,20,13,1,6,196,0,2,19,12151,2018:8823,2018,2018
289,Vikings,8817,nfl,8806,Minnesota Vikings,MINNESOTA,TRUE,7,7,1,15,26,23,0,3,24,22,19,0,3,219,1,23,16,0,7,214,0,-1,5,12151,2018:8817,2018,2018